slug,title,year,director,source,matched_title,matched_year,imdb,file
inception-2010,Inception,2010,Christopher Nolan,review note,Inception,2010,tt1375666,inception-2010.jpg
there-will-be-blood-2007,There Will Be Blood,2007,Paul Thomas Anderson,review note,There Will Be Blood,2007,tt0469494,there-will-be-blood-2007.jpg
dune-part-two-2024,Dune: Part Two,2024,Denis Villeneuve,watched list,Dune: Part Two,2024,tt15239678,dune-part-two-2024.jpg
spider-man-across-the-spider-verse-2023,Spider-Man: Across the Spider-Verse,2023,"Joaquim Dos Santos, Kemp Powers & Justin K. Thompson",review note,Spider-Man: Across the Spider-Verse,2023,tt9362722,spider-man-across-the-spider-verse-2023.jpg
knives-out-2019,Knives Out,2019,Rian Johnson,review note,Knives Out,2019,tt8946378,knives-out-2019.jpg
mollys-game-2017,Molly's Game,2017,Aaron Sorkin,review note,Molly's Game,2017,tt4209788,mollys-game-2017.jpg
arrival-2016,Arrival,2016,Denis Villeneuve,review note,Arrival,2016,tt2543164,arrival-2016.jpg
la-la-land-2016,La La Land,2016,Damien Chazelle,review note,La La Land,2016,tt3783958,la-la-land-2016.jpg
interstellar-2014,Interstellar,2014,Christopher Nolan,review note,Interstellar,2014,tt0816692,interstellar-2014.jpg
moneyball-2011,Moneyball,2011,Bennett Miller,review note,Moneyball,2011,tt1210166,moneyball-2011.jpg
the-social-network-2010,The Social Network,2010,David Fincher,watched list,The Social Network,2010,tt1285016,the-social-network-2010.jpg
the-dark-knight-2008,The Dark Knight,2008,Christopher Nolan,review note,The Dark Knight,2008,tt0468569,the-dark-knight-2008.jpg
changing-lanes-2002,Changing Lanes,2002,Roger Michell,review note,Changing Lanes,2002,tt0264472,changing-lanes-2002.jpg
gladiator-2000,Gladiator,2000,Ridley Scott,review note,Gladiator,2000,tt0172495,gladiator-2000.jpg
project-hail-mary-2026,Project Hail Mary,2026,"Phil Lord, Christopher Miller",watched list,Project Hail Mary,2026,tt12042730,project-hail-mary-2026.jpg
la-chimera-2023,La Chimera,2023,Alice Rohrwacher,review note,La Chimera,2023,tt14561712,la-chimera-2023.jpg
the-killer-2023,The Killer,2023,David Fincher,review note,The Killer,2023,tt1136617,the-killer-2023.jpg
glass-onion-2022,Glass Onion,2022,Rian Johnson,watched list,Glass Onion,2022,tt11564570,glass-onion-2022.jpg
tenet-2020,Tenet,2020,Christopher Nolan,review note,Tenet,2020,tt6723592,tenet-2020.jpg
a-quiet-place-2018,A Quiet Place,2018,John Krasinski,review note,A Quiet Place,2018,tt6644200,a-quiet-place-2018.jpg
mission-impossible-fallout-2018,Mission: Impossible – Fallout,2018,Christopher McQuarrie,watched list,Mission: Impossible - Fallout,2018,tt4912910,mission-impossible-fallout-2018.jpg
spider-man-into-the-spider-verse-2018,Spider-Man: Into the Spider-Verse,2018,"Bob Persichetti, Peter Ramsey, Rodney Rothman",watched list,Spider-Man: Into the Spider-Verse,2018,tt4633694,spider-man-into-the-spider-verse-2018.jpg
logan-lucky-2017,Logan Lucky,2017,Steven Soderbergh,review note,Logan Lucky,2017,tt5439796,logan-lucky-2017.jpg
hunt-for-the-wilderpeople-2016,Hunt for the Wilderpeople,2016,Taika Waititi,review note,Hunt for the Wilderpeople,2016,tt4698684,hunt-for-the-wilderpeople-2016.jpg
the-founder-2016,The Founder,2016,John Lee Hancock,review note,The Founder,2016,tt4276820,the-founder-2016.jpg
the-man-from-u-n-c-l-e-2015,The Man from U.N.C.L.E.,2015,Guy Ritchie,review note,The Man from U.N.C.L.E.,2015,tt1638355,the-man-from-u-n-c-l-e-2015.jpg
edge-of-tomorrow-2014,Edge of Tomorrow,2014,Doug Liman,review note,Edge of Tomorrow,2014,tt1631867,edge-of-tomorrow-2014.jpg
captain-phillips-2013,Captain Phillips,2013,Paul Greengrass,watched list,Captain Phillips,2013,tt1535109,captain-phillips-2013.jpg
skyfall-2012,Skyfall,2012,Sam Mendes,watched list,Skyfall,2012,tt1074638,skyfall-2012.jpg
the-dark-knight-rises-2012,The Dark Knight Rises,2012,Christopher Nolan,watched list,The Dark Knight Rises,2012,tt1345836,the-dark-knight-rises-2012.jpg
fantastic-mr-fox-2009,Fantastic Mr. Fox,2009,Wes Anderson,watched list,Fantastic Mr. Fox,2009,tt0432283,fantastic-mr-fox-2009.jpg
the-informant-2009,The Informant!,2009,Steven Soderbergh,watched list,The Informant!,2009,tt1130080,the-informant-2009.jpg
fracture-2007,Fracture,2007,Gregory Hoblit,watched list,Fracture,2007,tt0488120,fracture-2007.jpg
sunshine-2007,Sunshine,2007,Danny Boyle,watched list,Sunshine,2007,tt0448134,sunshine-2007.jpg
zodiac-2007,Zodiac,2007,David Fincher,watched list,Zodiac,2007,tt0443706,zodiac-2007.jpg
the-prestige-2006,The Prestige,2006,Christopher Nolan,review note,The Prestige,2006,tt0482571,the-prestige-2006.jpg
the-incredibles-2004,The Incredibles,2004,Brad Bird,review note,The Incredibles,2004,tt0317705,the-incredibles-2004.jpg
oceans-eleven-2001,Ocean's Eleven,2001,Steven Soderbergh,review note,Ocean's Eleven,2001,tt0240772,oceans-eleven-2001.jpg
remember-the-titans-2000,Remember the Titans,2000,Boaz Yakin,watched list,Remember the Titans,2000,tt0210945,remember-the-titans-2000.jpg
empire-of-the-sun-1987,Empire of the Sun,1987,Steven Spielberg,watched list,Empire of the Sun,1987,tt0092965,empire-of-the-sun-1987.jpg
rear-window-1954,Rear Window,1954,Alfred Hitchcock,watched list,Rear Window,1954,tt0047396,rear-window-1954.jpg
wake-up-dead-man-a-knives-out-mystery-2025,Wake Up Dead Man: A Knives Out Mystery,2025,Rian Johnson,review note,Wake Up Dead Man,2025,tt14364480,wake-up-dead-man-a-knives-out-mystery-2025.jpg
trap-2024,Trap,2024,M. Night Shyamalan,review note,Trap,2024,tt26753003,trap-2024.jpg
a-haunting-in-venice-2023,A Haunting in Venice,2023,Kenneth Branagh,watched list,A Haunting in Venice,2023,tt22687790,a-haunting-in-venice-2023.jpg
barbie-2023,Barbie,2023,Greta Gerwig,watched list,Barbie,2023,tt1517268,barbie-2023.jpg
mission-impossible-dead-reckoning-part-one-2023,Mission: Impossible – Dead Reckoning Part One,2023,Christopher McQuarrie,review note,Mission: Impossible - Dead Reckoning Part One,2023,tt9603212,mission-impossible-dead-reckoning-part-one-2023.jpg
the-batman-2022,The Batman,2022,Matt Reeves,watched list,The Batman,2022,tt1877830,the-batman-2022.jpg
dune-2021,Dune,2021,Denis Villeneuve,watched list,Dune: Part One,2021,tt1160419,dune-2021.jpg
red-notice-2021,Red Notice,2021,Rawson Marshall Thurber,watched list,Red Notice,2021,tt7991608,red-notice-2021.jpg
the-banker-2020,The Banker,2020,George Nolfi,watched list,The Banker,2020,tt6285944,the-banker-2020.jpg
dark-waters-2019,Dark Waters,2019,Todd Haynes,watched list,Dark Waters,2019,tt9071322,dark-waters-2019.jpg
ford-v-ferrari-2019,Ford v Ferrari,2019,James Mangold,watched list,Ford v Ferrari,2019,tt1950186,ford-v-ferrari-2019.jpg
jojo-rabbit-2019,Jojo Rabbit,2019,Taika Waititi,review note,Jojo Rabbit,2019,tt2584384,jojo-rabbit-2019.jpg
dunkirk-2017,Dunkirk,2017,Christopher Nolan,watched list,Dunkirk,2017,tt5013056,dunkirk-2017.jpg
the-lego-batman-movie-2017,The Lego Batman Movie,2017,Chris McKay,review note,The Lego Batman Movie,2017,tt4116284,the-lego-batman-movie-2017.jpg
the-post-2017,The Post,2017,Steven Spielberg,watched list,The Post,2018,tt6294822,the-post-2017.jpg
thor-ragnarok-2017,Thor: Ragnarok,2017,Taika Waititi,watched list,Thor: Ragnarok,2017,tt3501632,thor-ragnarok-2017.jpg
10-cloverfield-lane-2016,10 Cloverfield Lane,2016,Dan Trachtenberg,review note,10 Cloverfield Lane,2016,tt1179933,10-cloverfield-lane-2016.jpg
eye-in-the-sky-2015,Eye in the Sky,2015,Gavin Hood,watched list,Eye in the Sky,2015,tt2057392,eye-in-the-sky-2015.jpg
spotlight-2015,Spotlight,2015,Tom McCarthy,watched list,Spotlight,2015,tt1895587,spotlight-2015.jpg
steve-jobs-2015,Steve Jobs,2015,Danny Boyle,review note,Steve Jobs,2015,tt2080374,steve-jobs-2015.jpg
the-martian-2015,The Martian,2015,Ridley Scott,watched list,The Martian,2015,tt3659388,the-martian-2015.jpg
penguins-of-madagascar-2014,Penguins of Madagascar,2014,Eric Darnell & Simon J. Smith,review note,Penguins of Madagascar,2014,tt1911658,penguins-of-madagascar-2014.jpg
the-grand-budapest-hotel-2014,The Grand Budapest Hotel,2014,Wes Anderson,watched list,The Grand Budapest Hotel,2014,tt2278388,the-grand-budapest-hotel-2014.jpg
now-you-see-me-2013,Now You See Me,2013,Louis Leterrier,watched list,Now You See Me,2013,tt1670345,now-you-see-me-2013.jpg
the-secret-life-of-walter-mitty-2013,The Secret Life of Walter Mitty,2013,Ben Stiller,watched list,The Secret Life of Walter Mitty,2013,tt0359950,the-secret-life-of-walter-mitty-2013.jpg
the-hunger-games-2012,The Hunger Games,2012,Gary Ross,watched list,The Hunger Games,2012,tt1392170,the-hunger-games-2012.jpg
harry-potter-and-the-deathly-hallows-part-2-2011,Harry Potter and the Deathly Hallows: Part 2,2011,David Yates,watched list,Harry Potter and the Deathly Hallows: Part 2,2011,tt1201607,harry-potter-and-the-deathly-hallows-part-2-2011.jpg
haywire-2011,Haywire,2011,Steven Soderbergh,review note,Haywire,2011,tt1506999,haywire-2011.jpg
how-to-train-your-dragon-2010,How to Train Your Dragon,2010,"Dean DeBlois, Chris Sanders",watched list,How to Train Your Dragon,2010,tt0892769,how-to-train-your-dragon-2010.jpg
megamind-2010,Megamind,2010,Tom McGrath,watched list,Megamind,2010,tt1001526,megamind-2010.jpg
the-kings-speech-2010,The King's Speech,2010,Tom Hooper,watched list,The King's Speech,2010,tt1504320,the-kings-speech-2010.jpg
sherlock-holmes-2009,Sherlock Holmes,2009,Guy Ritchie,watched list,Sherlock Holmes,2009,tt0988045,sherlock-holmes-2009.jpg
the-blind-side-2009,The Blind Side,2009,John Lee Hancock,watched list,The Blind Side,2009,tt0878804,the-blind-side-2009.jpg
jumper-2008,Jumper,2008,Doug Liman,watched list,Jumper,2008,tt0489099,jumper-2008.jpg
slumdog-millionaire-2008,Slumdog Millionaire,2008,"Danny Boyle, Loveleen Tandan",watched list,Slumdog Millionaire,2008,tt1010048,slumdog-millionaire-2008.jpg
oceans-thirteen-2007,Ocean's Thirteen,2007,Steven Soderbergh,review note,Ocean's Thirteen,2007,tt0496806,oceans-thirteen-2007.jpg
pirates-of-the-caribbean-at-worlds-end-2007,Pirates of the Caribbean: At World's End,2007,Gore Verbinski,watched list,Pirates of the Caribbean: At World's End,2007,tt0449088,pirates-of-the-caribbean-at-worlds-end-2007.jpg
shooter-2007,Shooter,2007,Antoine Fuqua,watched list,Shooter,2007,tt0822854,shooter-2007.jpg
cars-2006,Cars,2006,"John Lasseter, Joe Ranft",watched list,Cars,2006,tt0317219,cars-2006.jpg
casino-royale-2006,Casino Royale,2006,Martin Campbell,review note,Casino Royale,2006,tt0381061,casino-royale-2006.jpg
deja-vu-2006,Déjà Vu,2006,Carlos Alberto Gomes,watched list,Déjà Vu,2006,tt5649074,deja-vu-2006.jpg
pirates-of-the-caribbean-dead-mans-chest-2006,Pirates of the Caribbean: Dead Man's Chest,2006,Gore Verbinski,watched list,Pirates of the Caribbean: Dead Man's Chest,2006,tt0383574,pirates-of-the-caribbean-dead-mans-chest-2006.jpg
batman-begins-2005,Batman Begins,2005,Christopher Nolan,watched list,Batman Begins,2005,tt0372784,batman-begins-2005.jpg
madagascar-2005,Madagascar,2005,Eric Darnell & Tom McGrath,review note,Madagascar,2005,tt0351283,madagascar-2005.jpg
napoleon-dynamite-2004,Napoleon Dynamite,2004,Jared Hess,watched list,Napoleon Dynamite,2004,tt0374900,napoleon-dynamite-2004.jpg
national-treasure-2004,National Treasure,2004,Jon Turteltaub,watched list,National Treasure,2004,tt0368891,national-treasure-2004.jpg
oceans-twelve-2004,Ocean's Twelve,2004,Steven Soderbergh,review note,Ocean's Twelve,2004,tt0349903,oceans-twelve-2004.jpg
primer-2004,Primer,2004,Shane Carruth,review note,Primer,2004,tt0390384,primer-2004.jpg
the-terminal-2004,The Terminal,2004,Steven Spielberg,review note,The Terminal,2004,tt0362227,the-terminal-2004.jpg
daddy-day-care-2003,Daddy Day Care,2003,Steve Carr,watched list,Daddy Day Care,2003,tt0317303,daddy-day-care-2003.jpg
elf-2003,Elf,2003,Jon Favreau,watched list,Elf,2003,tt0319343,elf-2003.jpg
master-and-commander-the-far-side-of-the-world-2003,Master and Commander: The Far Side of the World,2003,Peter Weir,watched list,Master and Commander: The Far Side of the World,2003,tt0311113,master-and-commander-the-far-side-of-the-world-2003.jpg
matchstick-men-2003,Matchstick Men,2003,Ridley Scott,review note,Matchstick Men,2003,tt0325805,matchstick-men-2003.jpg
pirates-of-the-caribbean-the-curse-of-the-black-pearl-2003,Pirates of the Caribbean: The Curse of the Black Pearl,2003,Gore Verbinski,watched list,Pirates of the Caribbean: The Curse of the Black Pearl,2003,tt0325980,pirates-of-the-caribbean-the-curse-of-the-black-pearl-2003.jpg
runaway-jury-2003,Runaway Jury,2003,Gary Fleder,review note,Runaway Jury,2003,tt0313542,runaway-jury-2003.jpg
shattered-glass-2003,Shattered Glass,2003,Billy Ray,watched list,Shattered Glass,2003,tt0323944,shattered-glass-2003.jpg
the-italian-job-2003,The Italian Job,2003,F. Gary Gray,review note,The Italian Job,2003,tt0317740,the-italian-job-2003.jpg
catch-me-if-you-can-2002,Catch Me If You Can,2002,Steven Spielberg,watched list,Catch Me If You Can,2002,tt0264464,catch-me-if-you-can-2002.jpg
a-beautiful-mind-2001,A Beautiful Mind,2001,Ron Howard,review note,A Beautiful Mind,2002,tt0268978,a-beautiful-mind-2001.jpg
shrek-2001,Shrek,2001,"Andrew Adamson, Vicky Jenson",watched list,Shrek,2001,tt0126029,shrek-2001.jpg
cast-away-2000,Cast Away,2000,Robert Zemeckis,watched list,Cast Away,2000,tt0162222,cast-away-2000.jpg
meet-joe-black-1998,Meet Joe Black,1998,Martin Brest,watched list,Meet Joe Black,1998,tt0119643,meet-joe-black-1998.jpg
the-truman-show-1998,The Truman Show,1998,Peter Weir,watched list,The Truman Show,1998,tt0120382,the-truman-show-1998.jpg
groundhog-day-1993,Groundhog Day,1993,Harold Ramis,watched list,Groundhog Day,1993,tt0107048,groundhog-day-1993.jpg
the-fugitive-1993,The Fugitive,1993,Andrew Davis,watched list,The Fugitive,1993,tt0106977,the-fugitive-1993.jpg
return-of-the-jedi-1983,Return of the Jedi,1983,Richard Marquand,watched list,Star Wars: Episode VI - Return of the Jedi,1983,tt0086190,return-of-the-jedi-1983.jpg
star-wars-1977,Star Wars,1977,George Lucas,watched list,Star Wars: Episode IV - A New Hope,1977,tt0076759,star-wars-1977.jpg
the-sting-1973,The Sting,1973,George Roy Hill,watched list,The Sting,1973,tt0070735,the-sting-1973.jpg
the-great-escape-1963,The Great Escape,1963,John Sturges,watched list,The Great Escape,1963,tt0057115,the-great-escape-1963.jpg
mission-impossible-the-final-reckoning-2025,Mission: Impossible – The Final Reckoning,2025,Christopher McQuarrie,review note,Mission: Impossible - The Final Reckoning,2025,tt9603208,mission-impossible-the-final-reckoning-2025.jpg
conclave-2024,Conclave,2024,Edward Berger,review note,Conclave,2024,tt20215234,conclave-2024.jpg
guardians-of-the-galaxy-vol-3-2023,Guardians of the Galaxy Vol. 3,2023,James Gunn,watched list,Guardians of the Galaxy Vol. 3,2023,tt6791350,guardians-of-the-galaxy-vol-3-2023.jpg
everything-everywhere-all-at-once-2022,Everything Everywhere All at Once,2022,"Daniel Kwan, Daniel Scheinert",watched list,Everything Everywhere All at Once,2022,tt6710474,everything-everywhere-all-at-once-2022.jpg
the-gray-man-2022,The Gray Man,2022,"Anthony Russo, Joe Russo",watched list,The Gray Man,2022,tt1649418,the-gray-man-2022.jpg
the-man-from-toronto-2022,The Man from Toronto,2022,Patrick Hughes,watched list,The Man from Toronto,2022,tt11671006,the-man-from-toronto-2022.jpg
top-gun-maverick-2022,Top Gun: Maverick,2022,Joseph Kosinski,watched list,Top Gun: Maverick,2022,tt1745960,top-gun-maverick-2022.jpg
no-time-to-die-2021,No Time to Die,2021,Cary Joji Fukunaga,watched list,No Time to Die,2021,tt2382320,no-time-to-die-2021.jpg
spider-man-no-way-home-2021,Spider-Man: No Way Home,2021,Jon Watts,watched list,Spider-Man: No Way Home,2021,tt10872600,spider-man-no-way-home-2021.jpg
enola-holmes-2020,Enola Holmes,2020,Harry Bradbeer,watched list,Enola Holmes,2020,tt7846844,enola-holmes-2020.jpg
the-courier-2020,The Courier,2020,Dominic Cooke,watched list,The Courier,2020,tt8368512,the-courier-2020.jpg
a-beautiful-day-in-the-neighborhood-2019,A Beautiful Day in the Neighborhood,2019,Marielle Heller,watched list,A Beautiful Day in the Neighborhood,2019,tt3224458,a-beautiful-day-in-the-neighborhood-2019.jpg
ad-astra-2019,Ad Astra,2019,James Gray,watched list,Ad Astra,2019,tt2935510,ad-astra-2019.jpg
avengers-endgame-2019,Avengers: Endgame,2019,"Anthony Russo, Joe Russo",watched list,Avengers: Endgame,2019,tt4154796,avengers-endgame-2019.jpg
little-women-2019,Little Women,2019,Greta Gerwig,watched list,Little Women,2019,tt3281548,little-women-2019.jpg
avengers-infinity-war-2018,Avengers: Infinity War,2018,"Anthony Russo, Joe Russo",watched list,Avengers: Infinity War,2018,tt4154756,avengers-infinity-war-2018.jpg
creed-ii-2018,Creed II,2018,Steven Caple Jr.,watched list,Creed II,2018,tt6343314,creed-ii-2018.jpg
ready-player-one-2018,Ready Player One,2018,Steven Spielberg,watched list,Ready Player One,2018,tt1677720,ready-player-one-2018.jpg
teen-titans-go-to-the-movies-2018,Teen Titans Go! To the Movies,2018,"Aaron Horvath, Peter Rida Michail",watched list,Teen Titans GO! To the Movies,2018,tt7424200,teen-titans-go-to-the-movies-2018.jpg
jumanji-welcome-to-the-jungle-2017,Jumanji: Welcome to the Jungle,2017,Jake Kasdan,watched list,Jumanji: Welcome to the Jungle,2017,tt2283362,jumanji-welcome-to-the-jungle-2017.jpg
kong-skull-island-2017,Kong: Skull Island,2017,Jordan Vogt-Roberts,watched list,Kong: Skull Island,2017,tt3731562,kong-skull-island-2017.jpg
murder-on-the-orient-express-2017,Murder on the Orient Express,2017,Kenneth Branagh,watched list,Murder on the Orient Express,2017,tt3402236,murder-on-the-orient-express-2017.jpg
roman-j-israel-esq-2017,"Roman J. Israel, Esq.",2017,Dan Gilroy,review note,"Roman J. Israel, Esq.",2017,tt6000478,roman-j-israel-esq-2017.jpg
wonder-woman-2017,Wonder Woman,2017,Patty Jenkins,watched list,Wonder Woman,2017,tt0451279,wonder-woman-2017.jpg
batman-v-superman-dawn-of-justice-2016,Batman v Superman: Dawn of Justice,2016,Zack Snyder,watched list,Batman v Superman: Dawn of Justice,2016,tt2975590,batman-v-superman-dawn-of-justice-2016.jpg
hail-caesar-2016,"Hail, Caesar!",2016,Joel & Ethan Coen,review note,"Hail, Caesar!",2016,tt0475290,hail-caesar-2016.jpg
hidden-figures-2016,Hidden Figures,2016,Theodore Melfi,watched list,Hidden Figures,2016,tt4846340,hidden-figures-2016.jpg
the-accountant-2016,The Accountant,2016,Gavin O'Connor,watched list,The Accountant,2016,tt2140479,the-accountant-2016.jpg
the-magnificent-seven-2016,The Magnificent Seven,2016,Antoine Fuqua,watched list,The Magnificent Seven,2016,tt2404435,the-magnificent-seven-2016.jpg
zootopia-2016,Zootopia,2016,"Jared Bush, Byron Howard, Rich Moore",watched list,Zootopia,2016,tt2948356,zootopia-2016.jpg
ant-man-2015,Ant-Man,2015,Peyton Reed,watched list,Ant-Man,2015,tt0478970,ant-man-2015.jpg
creed-2015,Creed,2015,Ryan Coogler,watched list,Creed,2015,tt3076658,creed-2015.jpg
mcfarland-usa-2015,"McFarland, USA",2015,Niki Caro,watched list,"McFarland, USA",2015,tt2097298,mcfarland-usa-2015.jpg
mission-impossible-rogue-nation-2015,Mission: Impossible – Rogue Nation,2015,Christopher McQuarrie,watched list,Mission: Impossible - Rogue Nation,2015,tt2381249,mission-impossible-rogue-nation-2015.jpg
the-hunger-games-mockingjay-part-2-2015,The Hunger Games: Mockingjay – Part 2,2015,Francis Lawrence,watched list,The Hunger Games: Mockingjay - Part 2,2015,tt1951266,the-hunger-games-mockingjay-part-2-2015.jpg
big-hero-6-2014,Big Hero 6,2014,"Don Hall, Chris Williams",watched list,Big Hero 6,2014,tt2245084,big-hero-6-2014.jpg
guardians-of-the-galaxy-2014,Guardians of the Galaxy,2014,James Gunn,watched list,Guardians of the Galaxy,2014,tt2015381,guardians-of-the-galaxy-2014.jpg
the-hobbit-the-battle-of-the-five-armies-2014,The Hobbit: The Battle of the Five Armies,2014,Peter Jackson,watched list,The Hobbit: The Battle of the Five Armies,2014,tt2310332,the-hobbit-the-battle-of-the-five-armies-2014.jpg
the-imitation-game-2014,The Imitation Game,2014,Morten Tyldum,review note,The Imitation Game,2014,tt2084970,the-imitation-game-2014.jpg
the-lego-movie-2014,The Lego Movie,2014,"Phil Lord, Christopher Miller",watched list,The Lego Movie,2014,tt1490017,the-lego-movie-2014.jpg
x-men-days-of-future-past-2014,X-Men: Days of Future Past,2014,Bryan Singer,watched list,X-Men: Days of Future Past,2014,tt1877832,x-men-days-of-future-past-2014.jpg
gravity-2013,Gravity,2013,Alfonso Cuarón,watched list,Gravity,2013,tt1454468,gravity-2013.jpg
man-of-steel-2013,Man of Steel,2013,Zack Snyder,watched list,Man of Steel,2013,tt0770828,man-of-steel-2013.jpg
oblivion-2013,Oblivion,2013,Joseph Kosinski,watched list,Oblivion,2013,tt1483013,oblivion-2013.jpg
the-lone-ranger-2013,The Lone Ranger,2013,Gore Verbinski,watched list,The Lone Ranger,2013,tt1210819,the-lone-ranger-2013.jpg
journey-2-the-mysterious-island-2012,Journey 2: The Mysterious Island,2012,Brad Peyton,watched list,Journey 2: The Mysterious Island,2012,tt1397514,journey-2-the-mysterious-island-2012.jpg
safe-house-2012,Safe House,2012,Daniel Espinosa,review note,Safe House,2012,tt1599348,safe-house-2012.jpg
the-amazing-spider-man-2012,The Amazing Spider-Man,2012,Marc Webb,watched list,The Amazing Spider-Man,2012,tt0948470,the-amazing-spider-man-2012.jpg
the-avengers-2012,The Avengers,2012,Joss Whedon,watched list,The Avengers,2012,tt0848228,the-avengers-2012.jpg
contagion-2011,Contagion,2011,Steven Soderbergh,watched list,Contagion,2011,tt1598778,contagion-2011.jpg
johnny-english-reborn-2011,Johnny English Reborn,2011,Oliver Parker,watched list,Johnny English Reborn,2011,tt1634122,johnny-english-reborn-2011.jpg
kung-fu-panda-2-2011,Kung Fu Panda 2,2011,Jennifer Yuh Nelson,watched list,Kung Fu Panda 2,2011,tt1302011,kung-fu-panda-2-2011.jpg
mission-impossible-ghost-protocol-2011,Mission: Impossible – Ghost Protocol,2011,Brad Bird,watched list,Mission: Impossible - Ghost Protocol,2011,tt1229238,mission-impossible-ghost-protocol-2011.jpg
sherlock-holmes-a-game-of-shadows-2011,Sherlock Holmes: A Game of Shadows,2011,Guy Ritchie,watched list,Sherlock Holmes: A Game of Shadows,2011,tt1515091,sherlock-holmes-a-game-of-shadows-2011.jpg
source-code-2011,Source Code,2011,Duncan Jones,watched list,Source Code,2011,tt0945513,source-code-2011.jpg
the-adjustment-bureau-2011,The Adjustment Bureau,2011,George Nolfi,watched list,The Adjustment Bureau,2011,tt1385826,the-adjustment-bureau-2011.jpg
the-adventures-of-tintin-2011,The Adventures of Tintin,2011,Steven Spielberg,watched list,The Adventures of Tintin,2011,tt0983193,the-adventures-of-tintin-2011.jpg
the-muppets-2011,The Muppets,2011,James Bobin,watched list,The Muppets,2011,tt1204342,the-muppets-2011.jpg
we-bought-a-zoo-2011,We Bought a Zoo,2011,Cameron Crowe,watched list,We Bought a Zoo,2011,tt1389137,we-bought-a-zoo-2011.jpg
despicable-me-2010,Despicable Me,2010,"Pierre Coffin, Chris Renaud",watched list,Despicable Me,2010,tt1323594,despicable-me-2010.jpg
harry-potter-and-the-deathly-hallows-part-1-2010,Harry Potter and the Deathly Hallows: Part 1,2010,David Yates,watched list,Harry Potter and the Deathly Hallows: Part 1,2010,tt0926084,harry-potter-and-the-deathly-hallows-part-1-2010.jpg
harry-potter-and-the-half-blood-prince-2009,Harry Potter and the Half-Blood Prince,2009,David Yates,watched list,Harry Potter and the Half-Blood Prince,2009,tt0417741,harry-potter-and-the-half-blood-prince-2009.jpg
night-at-the-museum-battle-of-the-smithsonian-2009,Night at the Museum: Battle of the Smithsonian,2009,Shawn Levy,watched list,Night at the Museum: Battle of the Smithsonian,2009,tt1078912,night-at-the-museum-battle-of-the-smithsonian-2009.jpg
x-men-origins-wolverine-2009,X-Men Origins: Wolverine,2009,Gavin Hood,watched list,X-Men Origins: Wolverine,2009,tt0458525,x-men-origins-wolverine-2009.jpg
bedtime-stories-2008,Bedtime Stories,2008,Adam Shankman,watched list,Bedtime Stories,2008,tt0960731,bedtime-stories-2008.jpg
iron-man-2008,Iron Man,2008,Jon Favreau,watched list,Iron Man,2008,tt0371746,iron-man-2008.jpg
quantum-of-solace-2008,Quantum of Solace,2008,Marc Forster,review note,Quantum of Solace,2008,tt0830515,quantum-of-solace-2008.jpg
the-curious-case-of-benjamin-button-2008,The Curious Case of Benjamin Button,2008,David Fincher,watched list,The Curious Case of Benjamin Button,2008,tt0421715,the-curious-case-of-benjamin-button-2008.jpg
harry-potter-and-the-order-of-the-phoenix-2007,Harry Potter and the Order of the Phoenix,2007,David Yates,watched list,Harry Potter and the Order of the Phoenix,2007,tt0373889,harry-potter-and-the-order-of-the-phoenix-2007.jpg
ratatouille-2007,Ratatouille,2007,"Brad Bird, Jan Pinkava",watched list,Ratatouille,2007,tt0382932,ratatouille-2007.jpg
the-bourne-ultimatum-2007,The Bourne Ultimatum,2007,Paul Greengrass,watched list,The Bourne Ultimatum,2007,tt0440963,the-bourne-ultimatum-2007.jpg
harry-potter-and-the-goblet-of-fire-2005,Harry Potter and the Goblet of Fire,2005,Mike Newell,watched list,Harry Potter and the Goblet of Fire,2005,tt0330373,harry-potter-and-the-goblet-of-fire-2005.jpg
kicking-and-screaming-2005,Kicking & Screaming,2005,Jesse Dylan,watched list,Kicking & Screaming,2005,tt0384642,kicking-and-screaming-2005.jpg
star-wars-episode-iii-revenge-of-the-sith-2005,Star Wars: Episode III – Revenge of the Sith,2005,George Lucas,watched list,Star Wars: Episode III - Revenge of the Sith,2005,tt0121766,star-wars-episode-iii-revenge-of-the-sith-2005.jpg
i-robot-2004,"I, Robot",2004,Alex Proyas,watched list,"I, Robot",2004,tt0343818,i-robot-2004.jpg
starsky-and-hutch-2004,Starsky & Hutch,2004,Todd Phillips,review note,Starsky & Hutch,2004,tt0335438,starsky-and-hutch-2004.jpg
the-bourne-supremacy-2004,The Bourne Supremacy,2004,Paul Greengrass,watched list,The Bourne Supremacy,2004,tt0372183,the-bourne-supremacy-2004.jpg
johnny-english-2003,Johnny English,2003,Peter Howitt,watched list,Johnny English,2003,tt0274166,johnny-english-2003.jpg
signs-2002,Signs,2002,M. Night Shyamalan,watched list,Signs,2002,tt0286106,signs-2002.jpg
spider-man-2002,Spider-Man,2002,Sam Raimi,watched list,Spider-Man,2002,tt0145487,spider-man-2002.jpg
the-bourne-identity-2002,The Bourne Identity,2002,Doug Liman,watched list,The Bourne Identity,2002,tt0258463,the-bourne-identity-2002.jpg
bandits-2001,Bandits,2001,Barry Levinson,review note,Bandits,2001,tt0219965,bandits-2001.jpg
monsters-inc-2001,"Monsters, Inc.",2001,"Pete Docter, David Silverman, Lee Unkrich",watched list,"Monsters, Inc.",2001,tt0198781,monsters-inc-2001.jpg
mission-impossible-ii-2000,Mission: Impossible II,2000,John Woo,watched list,Mission: Impossible II,2000,tt0120755,mission-impossible-ii-2000.jpg
star-wars-episode-i-the-phantom-menace-1999,Star Wars: Episode I – The Phantom Menace,1999,George Lucas,watched list,Star Wars: Episode I - The Phantom Menace,1999,tt0120915,star-wars-episode-i-the-phantom-menace-1999.jpg
toy-story-2-1999,Toy Story 2,1999,"John Lasseter, Ash Brannon, Lee Unkrich",watched list,Toy Story 2,1999,tt0120363,toy-story-2-1999.jpg
ronin-1998,Ronin,1998,John Frankenheimer,review note,Ronin,1998,tt0122690,ronin-1998.jpg
the-parent-trap-1998,The Parent Trap,1998,Nancy Meyers,watched list,The Parent Trap,1998,tt0120783,the-parent-trap-1998.jpg
jumanji-1995,Jumanji,1995,Joe Johnston,watched list,Jumanji,1995,tt0113497,jumanji-1995.jpg
the-lion-king-1994,The Lion King,1994,"Roger Allers, Rob Minkoff",watched list,The Lion King,1994,tt0110357,the-lion-king-1994.jpg
jurassic-park-1993,Jurassic Park,1993,Steven Spielberg,watched list,Jurassic Park,1993,tt0107290,jurassic-park-1993.jpg
mrs-doubtfire-1993,Mrs. Doubtfire,1993,Chris Columbus,watched list,Mrs. Doubtfire,1993,tt0107614,mrs-doubtfire-1993.jpg
home-alone-1990,Home Alone,1990,Chris Columbus,watched list,Home Alone,1990,tt0099785,home-alone-1990.jpg
the-hunt-for-red-october-1990,The Hunt for Red October,1990,John McTiernan,watched list,The Hunt for Red October,1990,tt0099810,the-hunt-for-red-october-1990.jpg
back-to-the-future-1985,Back to the Future,1985,Robert Zemeckis,watched list,Back to the Future,1985,tt0088763,back-to-the-future-1985.jpg
e-t-the-extra-terrestrial-1982,E.T. the Extra-Terrestrial,1982,Steven Spielberg,watched list,E.T. the Extra-Terrestrial,1982,tt0083866,e-t-the-extra-terrestrial-1982.jpg
the-empire-strikes-back-1980,The Empire Strikes Back,1980,Irvin Kershner,watched list,Star Wars: Episode V - The Empire Strikes Back,1980,tt0080684,the-empire-strikes-back-1980.jpg
all-the-presidents-men-1976,All the President's Men,1976,Alan J. Pakula,review note,All the President's Men,1976,tt0074119,all-the-presidents-men-1976.jpg
rocky-1976,Rocky,1976,John G. Avildsen,watched list,Rocky,1976,tt0075148,rocky-1976.jpg
jaws-1975,Jaws,1975,Steven Spielberg,watched list,Jaws,1975,tt0073195,jaws-1975.jpg
butch-cassidy-and-the-sundance-kid-1969,Butch Cassidy and the Sundance Kid,1969,George Roy Hill,watched list,Butch Cassidy and the Sundance Kid,1969,tt0064115,butch-cassidy-and-the-sundance-kid-1969.jpg
the-woman-in-cabin-10-2025,The Woman in Cabin 10,2025,Simon Stone,review note,The Woman in Cabin 10,2025,tt7130300,the-woman-in-cabin-10-2025.jpg
gladiator-ii-2024,Gladiator II,2024,Ridley Scott,review note,Gladiator II,2024,tt9218128,gladiator-ii-2024.jpg
creed-iii-2023,Creed III,2023,Michael B. Jordan,watched list,Creed III,2023,tt11145118,creed-iii-2023.jpg
operation-fortune-ruse-de-guerre-2023,Operation Fortune: Ruse de Guerre,2023,Guy Ritchie,review note,Operation Fortune: Ruse de Guerre,2023,tt7985704,operation-fortune-ruse-de-guerre-2023.jpg
12-mighty-orphans-2021,12 Mighty Orphans,2021,Ty Roberts,watched list,12 Mighty Orphans,2021,tt8482584,12-mighty-orphans-2021.jpg
free-guy-2021,Free Guy,2021,Shawn Levy,watched list,Free Guy,2021,tt6264654,free-guy-2021.jpg
a-quiet-place-part-ii-2020,A Quiet Place Part II,2020,John Krasinski,watched list,A Quiet Place Part II,2020,tt8332922,a-quiet-place-part-ii-2020.jpg
escape-room-2019,Escape Room,2019,Adam Robitel,watched list,Escape Room,2019,tt5886046,escape-room-2019.jpg
jumanji-the-next-level-2019,Jumanji: The Next Level,2019,Jake Kasdan,watched list,Jumanji: The Next Level,2019,tt7975244,jumanji-the-next-level-2019.jpg
just-mercy-2019,Just Mercy,2019,Destin Daniel Cretton,review note,Just Mercy,2019,tt4916630,just-mercy-2019.jpg
spider-man-far-from-home-2019,Spider-Man: Far From Home,2019,Jon Watts,watched list,Spider-Man: Far from Home,2019,tt6320628,spider-man-far-from-home-2019.jpg
the-peanut-butter-falcon-2019,The Peanut Butter Falcon,2019,"Tyler Nilson, Michael Schwartz",watched list,The Peanut Butter Falcon,2019,tt4364194,the-peanut-butter-falcon-2019.jpg
the-personal-history-of-david-copperfield-2019,The Personal History of David Copperfield,2019,Armando Iannucci,watched list,The Personal History of David Copperfield,2020,tt6439020,the-personal-history-of-david-copperfield-2019.jpg
yesterday-2019,Yesterday,2019,Danny Boyle,watched list,Yesterday,2019,tt8079248,yesterday-2019.jpg
aquaman-2018,Aquaman,2018,James Wan,watched list,Aquaman,2018,tt1477834,aquaman-2018.jpg
black-panther-2018,Black Panther,2018,Ryan Coogler,watched list,Black Panther,2018,tt1825683,black-panther-2018.jpg
instant-family-2018,Instant Family,2018,Sean Anders,review note,Instant Family,2018,tt7401588,instant-family-2018.jpg
johnny-english-strikes-again-2018,Johnny English Strikes Again,2018,David Kerr,watched list,Johnny English Strikes Again,2018,tt6921996,johnny-english-strikes-again-2018.jpg
maze-runner-the-death-cure-2018,Maze Runner: The Death Cure,2018,Wes Ball,watched list,Maze Runner: The Death Cure,2018,tt4500922,maze-runner-the-death-cure-2018.jpg
solo-a-star-wars-story-2018,Solo: A Star Wars Story,2018,Ron Howard,watched list,Solo: A Star Wars Story,2018,tt3778644,solo-a-star-wars-story-2018.jpg
despicable-me-3-2017,Despicable Me 3,2017,"Kyle Balda, Pierre Coffin, Eric Guillon",watched list,Despicable Me 3,2017,tt3469046,despicable-me-3-2017.jpg
going-in-style-2017,Going in Style,2017,Zach Braff,review note,Going in Style,2017,tt2568862,going-in-style-2017.jpg
guardians-of-the-galaxy-vol-2-2017,Guardians of the Galaxy Vol. 2,2017,James Gunn,watched list,Guardians of the Galaxy: Vol. 2,2017,tt3896198,guardians-of-the-galaxy-vol-2-2017.jpg
justice-league-2017,Justice League,2017,Zack Snyder,watched list,Justice League,2017,tt0974015,justice-league-2017.jpg
pirates-of-the-caribbean-dead-men-tell-no-tales-2017,Pirates of the Caribbean: Dead Men Tell No Tales,2017,"Joachim Rønning, Espen Sandberg",watched list,Pirates of the Caribbean: Dead Men Tell No Tales,2017,tt1790809,pirates-of-the-caribbean-dead-men-tell-no-tales-2017.jpg
spider-man-homecoming-2017,Spider-Man: Homecoming,2017,Jon Watts,watched list,Spider-Man: Homecoming,2017,tt2250912,spider-man-homecoming-2017.jpg
the-circle-2017,The Circle,2017,James Ponsoldt,watched list,The Circle,2017,tt4287320,the-circle-2017.jpg
captain-america-civil-war-2016,Captain America: Civil War,2016,"Anthony Russo, Joe Russo",watched list,Captain America: Civil War,2016,tt3498820,captain-america-civil-war-2016.jpg
fantastic-beasts-and-where-to-find-them-2016,Fantastic Beasts and Where to Find Them,2016,David Yates,watched list,Fantastic Beasts and Where to Find Them,2016,tt3183660,fantastic-beasts-and-where-to-find-them-2016.jpg
jason-bourne-2016,Jason Bourne,2016,Paul Greengrass,watched list,Jason Bourne,2016,tt4196776,jason-bourne-2016.jpg
now-you-see-me-2-2016,Now You See Me 2,2016,Jon M. Chu,watched list,Now You See Me 2,2016,tt3110958,now-you-see-me-2-2016.jpg
rogue-one-a-star-wars-story-2016,Rogue One: A Star Wars Story,2016,Gareth Edwards,watched list,Rogue One: A Star Wars Story,2016,tt3748528,rogue-one-a-star-wars-story-2016.jpg
sing-2016,Sing,2016,"Garth Jennings, Christophe Lourdelet",watched list,Sing,2016,tt3470600,sing-2016.jpg
the-angry-birds-movie-2016,The Angry Birds Movie,2016,"Clay Kaytis, Fergal Reilly",watched list,The Angry Birds Movie,2016,tt1985949,the-angry-birds-movie-2016.jpg
x-men-apocalypse-2016,X-Men: Apocalypse,2016,Bryan Singer,watched list,X-Men: Apocalypse,2016,tt3385516,x-men-apocalypse-2016.jpg
inside-out-2015,Inside Out,2015,"Pete Docter, Ronnie Del Carmen",watched list,Inside Out,2015,tt2096673,inside-out-2015.jpg
jurassic-world-2015,Jurassic World,2015,Colin Trevorrow,watched list,Jurassic World,2015,tt0369610,jurassic-world-2015.jpg
minions-2015,Minions,2015,"Kyle Balda, Pierre Coffin",watched list,Minions,2015,tt2293640,minions-2015.jpg
star-wars-the-force-awakens-2015,Star Wars: The Force Awakens,2015,N/A,watched list,Star Wars: The Force Awakens,2015,tt29895037,star-wars-the-force-awakens-2015.jpg
divergent-2014,Divergent,2014,Neil Burger,watched list,Divergent,2014,tt1840309,divergent-2014.jpg
godzilla-2014,Godzilla,2014,Gareth Edwards,watched list,Godzilla,2014,tt0831387,godzilla-2014.jpg
paddington-2014,Paddington,2014,Paul King,watched list,Paddington,2014,tt1109624,paddington-2014.jpg
despicable-me-2-2013,Despicable Me 2,2013,"Pierre Coffin, Chris Renaud",watched list,Despicable Me 2,2013,tt1690953,despicable-me-2-2013.jpg
pacific-rim-2013,Pacific Rim,2013,Guillermo del Toro,watched list,Pacific Rim,2013,tt1663662,pacific-rim-2013.jpg
the-croods-2013,The Croods,2013,"Kirk DeMicco, Chris Sanders",watched list,The Croods,2013,tt0481499,the-croods-2013.jpg
the-hunger-games-catching-fire-2013,The Hunger Games: Catching Fire,2013,Francis Lawrence,watched list,The Hunger Games: Catching Fire,2013,tt1951264,the-hunger-games-catching-fire-2013.jpg
the-wolverine-2013,The Wolverine,2013,James Mangold,watched list,The Wolverine,2013,tt1430132,the-wolverine-2013.jpg
turbo-2013,Turbo,2013,David Soren,watched list,Turbo,2013,tt1860353,turbo-2013.jpg
jack-reacher-2012,Jack Reacher,2012,Christopher McQuarrie,watched list,Jack Reacher,2012,tt0790724,jack-reacher-2012.jpg
the-bourne-legacy-2012,The Bourne Legacy,2012,Tony Gilroy,watched list,The Bourne Legacy,2012,tt1194173,the-bourne-legacy-2012.jpg
the-hobbit-an-unexpected-journey-2012,The Hobbit: An Unexpected Journey,2012,Peter Jackson,watched list,The Hobbit: An Unexpected Journey,2012,tt0903624,the-hobbit-an-unexpected-journey-2012.jpg
wreck-it-ralph-2012,Wreck-It Ralph,2012,Rich Moore,watched list,Wreck-It Ralph,2012,tt1772341,wreck-it-ralph-2012.jpg
captain-america-the-first-avenger-2011,Captain America: The First Avenger,2011,Joe Johnston,watched list,Captain America: The First Avenger,2011,tt0458339,captain-america-the-first-avenger-2011.jpg
in-time-2011,In Time,2011,Andrew Niccol,watched list,In Time,2011,tt1637688,in-time-2011.jpg
tower-heist-2011,Tower Heist,2011,Brett Ratner,watched list,Tower Heist,2011,tt0471042,tower-heist-2011.jpg
iron-man-2-2010,Iron Man 2,2010,Jon Favreau,watched list,Iron Man 2,2010,tt1228705,iron-man-2-2010.jpg
avatar-2009,Avatar,2009,James Cameron,watched list,Avatar,2009,tt0499549,avatar-2009.jpg
knowing-2009,Knowing,2009,Alex Proyas,review note,Knowing,2009,tt0448011,knowing-2009.jpg
surrogates-2009,Surrogates,2009,Jonathan Mostow,watched list,Surrogates,2009,tt0986263,surrogates-2009.jpg
get-smart-2008,Get Smart,2008,Peter Segal,review note,Get Smart,2008,tt0425061,get-smart-2008.jpg
journey-to-the-center-of-the-earth-2008,Journey to the Center of the Earth,2008,Eric Brevig,watched list,Journey to the Center of the Earth,2008,tt0373051,journey-to-the-center-of-the-earth-2008.jpg
madagascar-escape-2-africa-2008,Madagascar: Escape 2 Africa,2008,"Eric Darnell, Tom McGrath",watched list,Madagascar: Escape 2 Africa,2008,tt0479952,madagascar-escape-2-africa-2008.jpg
wall-e-2008,WALL·E,2008,Andrew Stanton,watched list,WALL·E,2008,tt0910970,wall-e-2008.jpg
i-am-legend-2007,I Am Legend,2007,Francis Lawrence,watched list,I Am Legend,2007,tt0480249,i-am-legend-2007.jpg
national-treasure-book-of-secrets-2007,National Treasure: Book of Secrets,2007,Jon Turteltaub,watched list,National Treasure: Book of Secrets,2007,tt0465234,national-treasure-book-of-secrets-2007.jpg
the-great-debaters-2007,The Great Debaters,2007,Denzel Washington,review note,The Great Debaters,2007,tt0427309,the-great-debaters-2007.jpg
the-simpsons-movie-2007,The Simpsons Movie,2007,David Silverman,watched list,The Simpsons Movie,2007,tt0462538,the-simpsons-movie-2007.jpg
mission-impossible-iii-2006,Mission: Impossible III,2006,J.J. Abrams,watched list,Mission: Impossible III,2006,tt0317919,mission-impossible-iii-2006.jpg
night-at-the-museum-2006,Night at the Museum,2006,Shawn Levy,watched list,Night at the Museum,2006,tt0477347,night-at-the-museum-2006.jpg
x-men-the-last-stand-2006,X-Men: The Last Stand,2006,Brett Ratner,watched list,X-Men: The Last Stand,2006,tt0376994,x-men-the-last-stand-2006.jpg
fantastic-four-2005,Fantastic Four,2005,Tim Story,watched list,Fantastic Four,2005,tt0120667,fantastic-four-2005.jpg
the-chronicles-of-narnia-the-lion-the-witch-and-the-wardrobe-2005,"The Chronicles of Narnia: The Lion, the Witch and the Wardrobe",2005,Andrew Adamson,watched list,"The Chronicles of Narnia: The Lion, the Witch and the Wardrobe",2005,tt0363771,the-chronicles-of-narnia-the-lion-the-witch-and-the-wardrobe-2005.jpg
war-of-the-worlds-2005,War of the Worlds,2005,Steven Spielberg,watched list,War of the Worlds,2005,tt0407304,war-of-the-worlds-2005.jpg
harry-potter-and-the-prisoner-of-azkaban-2004,Harry Potter and the Prisoner of Azkaban,2004,Alfonso Cuarón,watched list,Harry Potter and the Prisoner of Azkaban,2004,tt0304141,harry-potter-and-the-prisoner-of-azkaban-2004.jpg
shrek-2-2004,Shrek 2,2004,"Andrew Adamson, Kelly Asbury, Conrad Vernon",watched list,Shrek 2,2004,tt0298148,shrek-2-2004.jpg
spider-man-2-2004,Spider-Man 2,2004,Sam Raimi,watched list,Spider-Man 2,2004,tt0316654,spider-man-2-2004.jpg
the-lord-of-the-rings-the-return-of-the-king-2003,The Lord of the Rings: The Return of the King,2003,Peter Jackson,watched list,The Lord of the Rings: The Return of the King,2003,tt0167260,the-lord-of-the-rings-the-return-of-the-king-2003.jpg
harry-potter-and-the-chamber-of-secrets-2002,Harry Potter and the Chamber of Secrets,2002,Chris Columbus,watched list,Harry Potter and the Chamber of Secrets,2002,tt0295297,harry-potter-and-the-chamber-of-secrets-2002.jpg
minority-report-2002,Minority Report,2002,Steven Spielberg,watched list,Minority Report,2002,tt0181689,minority-report-2002.jpg
harry-potter-and-the-philosophers-stone-2001,Harry Potter and the Philosopher's Stone,2001,Chris Columbus,watched list,Harry Potter and the Sorcerer's Stone,2001,tt0241527,harry-potter-and-the-philosophers-stone-2001.jpg
the-lord-of-the-rings-the-fellowship-of-the-ring-2001,The Lord of the Rings: The Fellowship of the Ring,2001,Peter Jackson,watched list,The Lord of the Rings: The Fellowship of the Ring,2001,tt0120737,the-lord-of-the-rings-the-fellowship-of-the-ring-2001.jpg
the-emperors-new-groove-2000,The Emperor's New Groove,2000,Mark Dindal,watched list,The Emperor's New Groove,2000,tt0120917,the-emperors-new-groove-2000.jpg
x-men-2000,X-Men,2000,Bryan Singer,watched list,X-Men,2000,tt0120903,x-men-2000.jpg
october-sky-1999,October Sky,1999,Joe Johnston,review note,October Sky,1999,tt0132477,october-sky-1999.jpg
the-rainmaker-1997,The Rainmaker,1997,Francis Ford Coppola,review note,The Rainmaker,1997,tt0119978,the-rainmaker-1997.jpg
mission-impossible-1996,Mission: Impossible,1996,Brian De Palma,watched list,Mission: Impossible,1996,tt0117060,mission-impossible-1996.jpg
home-alone-2-lost-in-new-york-1992,Home Alone 2: Lost in New York,1992,Chris Columbus,watched list,Home Alone 2: Lost in New York,1992,tt0104431,home-alone-2-lost-in-new-york-1992.jpg
batman-1989,Batman,1989,Tim Burton,watched list,Batman,1989,tt0096895,batman-1989.jpg
ferris-buellers-day-off-1986,Ferris Bueller's Day Off,1986,John Hughes,watched list,Ferris Bueller's Day Off,1986,tt0091042,ferris-buellers-day-off-1986.jpg
the-karate-kid-part-ii-1986,The Karate Kid Part II,1986,John G. Avildsen,watched list,The Karate Kid Part II,1986,tt0091326,the-karate-kid-part-ii-1986.jpg
ghostbusters-1984,Ghostbusters,1984,Ivan Reitman,watched list,Ghostbusters,1984,tt0087332,ghostbusters-1984.jpg
gremlins-1984,Gremlins,1984,Joe Dante,watched list,Gremlins,1984,tt0087363,gremlins-1984.jpg
the-karate-kid-1984,The Karate Kid,1984,John G. Avildsen,watched list,The Karate Kid,1984,tt0087538,the-karate-kid-1984.jpg
rocky-iii-1982,Rocky III,1982,Sylvester Stallone,watched list,Rocky III,1982,tt0084602,rocky-iii-1982.jpg
rocky-ii-1979,Rocky II,1979,Sylvester Stallone,watched list,Rocky II,1979,tt0079817,rocky-ii-1979.jpg
superman-1978,Superman,1978,Richard Donner,watched list,Superman,1978,tt0078346,superman-1978.jpg
willy-wonka-and-the-chocolate-factory-1971,Willy Wonka & the Chocolate Factory,1971,Mel Stuart,watched list,Willy Wonka & the Chocolate Factory,1971,tt0067992,willy-wonka-and-the-chocolate-factory-1971.jpg
north-by-northwest-1959,North by Northwest,1959,Alfred Hitchcock,watched list,North by Northwest,1959,tt0053125,north-by-northwest-1959.jpg
to-catch-a-thief-1955,To Catch a Thief,1955,Alfred Hitchcock,watched list,To Catch a Thief,1955,tt0048728,to-catch-a-thief-1955.jpg
a-quiet-place-day-one-2024,A Quiet Place: Day One,2024,Michael Sarnoski,review note,A Quiet Place: Day One,2024,tt13433802,a-quiet-place-day-one-2024.jpg
juror-2-2024,Juror #2,2024,Clint Eastwood,review note,Juror #2,2024,tt27403986,juror-2-2024.jpg
twisters-2024,Twisters,2024,Lee Isaac Chung,review note,Twisters,2024,tt12584954,twisters-2024.jpg
avatar-the-way-of-water-2022,Avatar: The Way of Water,2022,James Cameron,watched list,Avatar: The Way of Water,2022,tt1630029,avatar-the-way-of-water-2022.jpg
death-on-the-nile-2022,Death on the Nile,2022,Kenneth Branagh,watched list,Death on the Nile,2022,tt7657566,death-on-the-nile-2022.jpg
enola-holmes-2-2022,Enola Holmes 2,2022,Harry Bradbeer,watched list,Enola Holmes 2,2022,tt14641788,enola-holmes-2-2022.jpg
the-adam-project-2022,The Adam Project,2022,Shawn Levy,watched list,The Adam Project,2022,tt2463208,the-adam-project-2022.jpg
escape-room-tournament-of-champions-2021,Escape Room: Tournament of Champions,2021,Adam Robitel,watched list,Escape Room: Tournament of Champions,2021,tt9844522,escape-room-tournament-of-champions-2021.jpg
ghostbusters-afterlife-2021,Ghostbusters: Afterlife,2021,Jason Reitman,watched list,Ghostbusters: Afterlife,2021,tt4513678,ghostbusters-afterlife-2021.jpg
zack-snyders-justice-league-2021,Zack Snyder's Justice League,2021,Zack Snyder,watched list,Zack Snyder's Justice League,2021,tt12361974,zack-snyders-justice-league-2021.jpg
godzilla-king-of-the-monsters-2019,Godzilla: King of the Monsters,2019,Michael Dougherty,watched list,Godzilla: King of the Monsters,2019,tt3741700,godzilla-king-of-the-monsters-2019.jpg
men-in-black-international-2019,Men in Black: International,2019,F. Gary Gray,watched list,Men in Black: International,2019,tt2283336,men-in-black-international-2019.jpg
star-wars-the-rise-of-skywalker-2019,Star Wars: The Rise of Skywalker,2019,J.J. Abrams,watched list,Star Wars: Episode IX - The Rise of Skywalker,2019,tt2527338,star-wars-the-rise-of-skywalker-2019.jpg
bumblebee-2018,Bumblebee,2018,Travis Knight,watched list,Bumblebee,2018,tt4701182,bumblebee-2018.jpg
incredibles-2-2018,Incredibles 2,2018,Brad Bird,watched list,Incredibles 2,2018,tt3606756,incredibles-2-2018.jpg
jurassic-world-fallen-kingdom-2018,Jurassic World: Fallen Kingdom,2018,J.A. Bayona,watched list,Jurassic World: Fallen Kingdom,2018,tt4881806,jurassic-world-fallen-kingdom-2018.jpg
the-ballad-of-buster-scruggs-2018,The Ballad of Buster Scruggs,2018,Joel & Ethan Coen,review note,The Ballad of Buster Scruggs,2018,tt6412452,the-ballad-of-buster-scruggs-2018.jpg
cars-3-2017,Cars 3,2017,Brian Fee,watched list,Cars 3,2017,tt3606752,cars-3-2017.jpg
paddington-2-2017,Paddington 2,2017,Paul King,watched list,Paddington 2,2017,tt4468740,paddington-2-2017.jpg
the-boss-baby-2017,The Boss Baby,2017,Tom McGrath,watched list,The Boss Baby,2017,tt3874544,the-boss-baby-2017.jpg
doctor-strange-2016,Doctor Strange,2016,Scott Derrickson,watched list,Doctor Strange,2016,tt1211837,doctor-strange-2016.jpg
kung-fu-panda-3-2016,Kung Fu Panda 3,2016,"Alessandro Carloni, Jennifer Yuh Nelson",watched list,Kung Fu Panda 3,2016,tt2267968,kung-fu-panda-3-2016.jpg
miss-peregrines-home-for-peculiar-children-2016,Miss Peregrine's Home for Peculiar Children,2016,Tim Burton,watched list,Miss Peregrine's Home for Peculiar Children,2016,tt1935859,miss-peregrines-home-for-peculiar-children-2016.jpg
moana-2016,Moana,2016,"Ron Clements, John Musker, Don Hall",watched list,Moana,2016,tt3521164,moana-2016.jpg
avengers-age-of-ultron-2015,Avengers: Age of Ultron,2015,Joss Whedon,watched list,Avengers: Age of Ultron,2015,tt2395427,avengers-age-of-ultron-2015.jpg
insurgent-2015,Insurgent,2015,Robert Schwentke,watched list,The Divergent Series: Insurgent,2015,tt2908446,insurgent-2015.jpg
captain-america-the-winter-soldier-2014,Captain America: The Winter Soldier,2014,"Anthony Russo, Joe Russo",watched list,Captain America: The Winter Soldier,2014,tt1843866,captain-america-the-winter-soldier-2014.jpg
night-at-the-museum-secret-of-the-tomb-2014,Night at the Museum: Secret of the Tomb,2014,Shawn Levy,watched list,Night at the Museum: Secret of the Tomb,2014,tt2692250,night-at-the-museum-secret-of-the-tomb-2014.jpg
the-hunger-games-mockingjay-part-1-2014,The Hunger Games: Mockingjay – Part 1,2014,Francis Lawrence,watched list,The Hunger Games: Mockingjay - Part 1,2014,tt1951265,the-hunger-games-mockingjay-part-1-2014.jpg
the-maze-runner-2014,The Maze Runner,2014,Wes Ball,watched list,The Maze Runner,2014,tt1790864,the-maze-runner-2014.jpg
the-hobbit-the-desolation-of-smaug-2013,The Hobbit: The Desolation of Smaug,2013,Peter Jackson,watched list,The Hobbit: The Desolation of Smaug,2013,tt1170358,the-hobbit-the-desolation-of-smaug-2013.jpg
brave-2012,Brave,2012,"Mark Andrews, Brenda Chapman, Steve Purcell",watched list,Brave,2012,tt1217209,brave-2012.jpg
madagascar-3-europes-most-wanted-2012,Madagascar 3: Europe's Most Wanted,2012,"Eric Darnell, Tom McGrath, Conrad Vernon",watched list,Madagascar 3: Europe's Most Wanted,2012,tt1277953,madagascar-3-europes-most-wanted-2012.jpg
the-lorax-2012,The Lorax,2012,"Chris Renaud, Kyle Balda",watched list,The Lorax,2012,tt1482459,the-lorax-2012.jpg
cars-2-2011,Cars 2,2011,"John Lasseter, Bradford Lewis",watched list,Cars 2,2011,tt1216475,cars-2-2011.jpg
j-edgar-2011,J. Edgar,2011,Clint Eastwood,review note,J. Edgar,2011,tt1616195,j-edgar-2011.jpg
thor-2011,Thor,2011,Kenneth Branagh,watched list,Thor,2011,tt0800369,thor-2011.jpg
shrek-forever-after-2010,Shrek Forever After,2010,Mike Mitchell,watched list,Shrek Forever After,2010,tt0892791,shrek-forever-after-2010.jpg
the-karate-kid-2010,The Karate Kid,2010,Harald Zwart,watched list,The Karate Kid,2010,tt1155076,the-karate-kid-2010.jpg
toy-story-3-2010,Toy Story 3,2010,Lee Unkrich,watched list,Toy Story 3,2010,tt0435761,toy-story-3-2010.jpg
cloudy-with-a-chance-of-meatballs-2009,Cloudy with a Chance of Meatballs,2009,"Phil Lord, Christopher Miller",watched list,Cloudy with a Chance of Meatballs,2009,tt0844471,cloudy-with-a-chance-of-meatballs-2009.jpg
land-of-the-lost-2009,Land of the Lost,2009,Brad Silberling,watched list,Land of the Lost,2009,tt0457400,land-of-the-lost-2009.jpg
up-2009,Up,2009,"Pete Docter, Bob Peterson",watched list,Up,2009,tt1049413,up-2009.jpg
21-2008,21,2008,Robert Luketic,watched list,21,2008,tt0478087,21-2008.jpg
the-chronicles-of-narnia-prince-caspian-2008,The Chronicles of Narnia: Prince Caspian,2008,Andrew Adamson,watched list,The Chronicles of Narnia: Prince Caspian,2008,tt0499448,the-chronicles-of-narnia-prince-caspian-2008.jpg
fantastic-four-rise-of-the-silver-surfer-2007,Fantastic Four: Rise of the Silver Surfer,2007,Tim Story,watched list,Fantastic Four: Rise of the Silver Surfer,2007,tt0486576,fantastic-four-rise-of-the-silver-surfer-2007.jpg
next-2007,Next,2007,Lee Tamahori,review note,Next,2007,tt0435705,next-2007.jpg
shrek-the-third-2007,Shrek the Third,2007,"Chris Miller, Raman Hui",watched list,Shrek the Third,2007,tt0413267,shrek-the-third-2007.jpg
spider-man-3-2007,Spider-Man 3,2007,Sam Raimi,watched list,Spider-Man 3,2007,tt0413300,spider-man-3-2007.jpg
transformers-2007,Transformers,2007,Michael Bay,watched list,Transformers,2007,tt0418279,transformers-2007.jpg
invincible-2006,Invincible,2006,Ericson Core,watched list,Invincible,2006,tt0445990,invincible-2006.jpg
the-hitchhikers-guide-to-the-galaxy-2005,The Hitchhiker's Guide to the Galaxy,2005,Garth Jennings,watched list,The Hitchhiker's Guide to the Galaxy,2005,tt0371724,the-hitchhikers-guide-to-the-galaxy-2005.jpg
finding-nemo-2003,Finding Nemo,2003,"Andrew Stanton, Lee Unkrich",watched list,Finding Nemo,2003,tt0266543,finding-nemo-2003.jpg
x2-2003,X2,2003,Bryan Singer,watched list,X2: X-Men United,2003,tt0290334,x2-2003.jpg
scooby-doo-2002,Scooby-Doo,2002,Raja Gosnell,watched list,Scooby-Doo,2002,tt0267913,scooby-doo-2002.jpg
star-wars-episode-ii-attack-of-the-clones-2002,Star Wars: Episode II – Attack of the Clones,2002,George Lucas,watched list,Star Wars: Episode II - Attack of the Clones,2002,tt0121765,star-wars-episode-ii-attack-of-the-clones-2002.jpg
the-lord-of-the-rings-the-two-towers-2002,The Lord of the Rings: The Two Towers,2002,Peter Jackson,watched list,The Lord of the Rings: The Two Towers,2002,tt0167261,the-lord-of-the-rings-the-two-towers-2002.jpg
the-dish-2000,The Dish,2000,Rob Sitch,watched list,The Dish,2001,tt0205873,the-dish-2000.jpg
the-lost-world-jurassic-park-1997,The Lost World: Jurassic Park,1997,Steven Spielberg,watched list,The Lost World: Jurassic Park,1997,tt0119567,the-lost-world-jurassic-park-1997.jpg
batman-forever-1995,Batman Forever,1995,Joel Schumacher,watched list,Batman Forever,1995,tt0112462,batman-forever-1995.jpg
toy-story-1995,Toy Story,1995,John Lasseter,watched list,Toy Story,1995,tt0114709,toy-story-1995.jpg
back-to-the-future-part-iii-1990,Back to the Future Part III,1990,Robert Zemeckis,watched list,Back to the Future Part III,1990,tt0099088,back-to-the-future-part-iii-1990.jpg
back-to-the-future-part-ii-1989,Back to the Future Part II,1989,Robert Zemeckis,watched list,Back to the Future Part II,1989,tt0096874,back-to-the-future-part-ii-1989.jpg
the-karate-kid-part-iii-1989,The Karate Kid Part III,1989,John G. Avildsen,watched list,The Karate Kid Part III,1989,tt0097647,the-karate-kid-part-iii-1989.jpg
superman-iii-1983,Superman III,1983,Richard Lester,watched list,Superman III,1983,tt0086393,superman-iii-1983.jpg
the-king-of-comedy-1982,The King of Comedy,1982,Martin Scorsese,review note,The King of Comedy,1982,tt0085794,the-king-of-comedy-1982.jpg
raiders-of-the-lost-ark-1981,Raiders of the Lost Ark,1981,Steven Spielberg,review note,Raiders of the Lost Ark,1981,tt0082971,raiders-of-the-lost-ark-1981.jpg
superman-ii-1980,Superman II,1980,"Richard Lester, Richard Donner",watched list,Superman II,1980,tt0081573,superman-ii-1980.jpg
the-man-who-knew-too-much-1956,The Man Who Knew Too Much,1956,Alfred Hitchcock,watched list,The Man Who Knew Too Much,1956,tt0049470,the-man-who-knew-too-much-1956.jpg
the-wrong-man-1956,The Wrong Man,1956,Alfred Hitchcock,watched list,The Wrong Man,1956,tt0051207,the-wrong-man-1956.jpg
dial-m-for-murder-1954,Dial M for Murder,1954,Alfred Hitchcock,watched list,Dial M for Murder,1954,tt0046912,dial-m-for-murder-1954.jpg
amsterdam-2022,Amsterdam,2022,David O. Russell,watched list,Amsterdam,2022,tt10304142,amsterdam-2022.jpg
minions-the-rise-of-gru-2022,Minions: The Rise of Gru,2022,"Kyle Balda, Brad Ableson, Jonathan del Val",watched list,Minions: The Rise of Gru,2022,tt5113044,minions-the-rise-of-gru-2022.jpg
thor-love-and-thunder-2022,Thor: Love and Thunder,2022,Taika Waititi,watched list,Thor: Love and Thunder,2022,tt10648342,thor-love-and-thunder-2022.jpg
black-widow-2021,Black Widow,2021,Cate Shortland,watched list,Black Widow,2021,tt3480822,black-widow-2021.jpg
godzilla-vs-kong-2021,Godzilla vs. Kong,2021,Adam Wingard,watched list,Godzilla vs. Kong,2021,tt5034838,godzilla-vs-kong-2021.jpg
shang-chi-and-the-legend-of-the-ten-rings-2021,Shang-Chi and the Legend of the Ten Rings,2021,Destin Daniel Cretton,watched list,Shang-Chi and the Legend of the Ten Rings,2021,tt9376612,shang-chi-and-the-legend-of-the-ten-rings-2021.jpg
sonic-the-hedgehog-2020,Sonic the Hedgehog,2020,Jeff Fowler,watched list,Sonic the Hedgehog,2020,tt3794354,sonic-the-hedgehog-2020.jpg
alita-battle-angel-2019,Alita: Battle Angel,2019,Robert Rodriguez,watched list,Alita: Battle Angel,2019,tt0437086,alita-battle-angel-2019.jpg
captain-marvel-2019,Captain Marvel,2019,"Anna Boden, Ryan Fleck",watched list,Captain Marvel,2019,tt4154664,captain-marvel-2019.jpg
dark-phoenix-2019,Dark Phoenix,2019,Simon Kinberg,watched list,X-Men: Dark Phoenix,2019,tt6565702,dark-phoenix-2019.jpg
ant-man-and-the-wasp-2018,Ant-Man and the Wasp,2018,Peyton Reed,watched list,Ant-Man and the Wasp,2018,tt5095030,ant-man-and-the-wasp-2018.jpg
fantastic-beasts-the-crimes-of-grindelwald-2018,Fantastic Beasts: The Crimes of Grindelwald,2018,David Yates,watched list,Fantastic Beasts: The Crimes of Grindelwald,2018,tt4123430,fantastic-beasts-the-crimes-of-grindelwald-2018.jpg
mortal-engines-2018,Mortal Engines,2018,Christian Rivers,watched list,Mortal Engines,2018,tt1571234,mortal-engines-2018.jpg
pacific-rim-uprising-2018,Pacific Rim: Uprising,2018,Steven S. DeKnight,watched list,Pacific Rim: Uprising,2018,tt2557478,pacific-rim-uprising-2018.jpg
allegiant-2016,Allegiant,2016,Robert Schwentke,watched list,The Divergent Series: Allegiant,2016,tt3410834,allegiant-2016.jpg
jack-reacher-never-go-back-2016,Jack Reacher: Never Go Back,2016,Edward Zwick,watched list,Jack Reacher: Never Go Back,2016,tt3393786,jack-reacher-never-go-back-2016.jpg
passengers-2016,Passengers,2016,Morten Tyldum,review note,Passengers,2016,tt1355644,passengers-2016.jpg
the-secret-life-of-pets-2016,The Secret Life of Pets,2016,Chris Renaud,watched list,The Secret Life of Pets,2016,tt2709768,the-secret-life-of-pets-2016.jpg
daddys-home-2015,Daddy's Home,2015,Sean Anders,review note,Daddy's Home,2015,tt1528854,daddys-home-2015.jpg
fantastic-four-2015,Fantastic Four,2015,Josh Trank,watched list,Fantastic Four,2015,tt1502712,fantastic-four-2015.jpg
maze-runner-the-scorch-trials-2015,Maze Runner: The Scorch Trials,2015,Wes Ball,watched list,Maze Runner: The Scorch Trials,2015,tt4046784,maze-runner-the-scorch-trials-2015.jpg
the-intern-2015,The Intern,2015,Nancy Meyers,review note,The Intern,2015,tt2361509,the-intern-2015.jpg
the-amazing-spider-man-2-2014,The Amazing Spider-Man 2,2014,Marc Webb,watched list,The Amazing Spider-Man 2,2014,tt1872181,the-amazing-spider-man-2-2014.jpg
iron-man-3-2013,Iron Man 3,2013,Shane Black,watched list,Iron Man 3,2013,tt1300854,iron-man-3-2013.jpg
monsters-university-2013,Monsters University,2013,Dan Scanlon,watched list,Monsters University,2013,tt1453405,monsters-university-2013.jpg
pirates-of-the-caribbean-on-stranger-tides-2011,Pirates of the Caribbean: On Stranger Tides,2011,Rob Marshall,watched list,Pirates of the Caribbean: On Stranger Tides,2011,tt1298650,pirates-of-the-caribbean-on-stranger-tides-2011.jpg
puss-in-boots-2011,Puss in Boots,2011,Chris Miller,watched list,Puss in Boots,2011,tt0448694,puss-in-boots-2011.jpg
super-8-2011,Super 8,2011,J.J. Abrams,review note,Super 8,2011,tt1650062,super-8-2011.jpg
the-smurfs-2011,The Smurfs,2011,Raja Gosnell,watched list,The Smurfs,2011,tt0472181,the-smurfs-2011.jpg
x-men-first-class-2011,X-Men: First Class,2011,Matthew Vaughn,watched list,X-Men: First Class,2011,tt1270798,x-men-first-class-2011.jpg
the-chronicles-of-narnia-the-voyage-of-the-dawn-treader-2010,The Chronicles of Narnia: The Voyage of the Dawn Treader,2010,Michael Apted,watched list,The Chronicles of Narnia: The Voyage of the Dawn Treader,2010,tt0980970,the-chronicles-of-narnia-the-voyage-of-the-dawn-treader-2010.jpg
true-grit-2010,True Grit,2010,Joel & Ethan Coen,review note,True Grit,2010,tt1403865,true-grit-2010.jpg
eagle-eye-2008,Eagle Eye,2008,D.J. Caruso,watched list,Eagle Eye,2008,tt1059786,eagle-eye-2008.jpg
charlie-and-the-chocolate-factory-2005,Charlie and the Chocolate Factory,2005,Tim Burton,watched list,Charlie and the Chocolate Factory,2005,tt0367594,charlie-and-the-chocolate-factory-2005.jpg
jurassic-park-iii-2001,Jurassic Park III,2001,Joe Johnston,watched list,Jurassic Park III,2001,tt0163025,jurassic-park-iii-2001.jpg
a-bugs-life-1998,A Bug's Life,1998,"John Lasseter, Andrew Stanton",watched list,A Bug's Life,1998,tt0120623,a-bugs-life-1998.jpg
close-encounters-of-the-third-kind-1977,Close Encounters of the Third Kind,1977,Steven Spielberg,watched list,Close Encounters of the Third Kind,1977,tt0075860,close-encounters-of-the-third-kind-1977.jpg
psycho-1960,Psycho,1960,Alfred Hitchcock,watched list,Psycho,1960,tt0054215,psycho-1960.jpg
kung-fu-panda-4-2024,Kung Fu Panda 4,2024,Mike Mitchell,review note,Kung Fu Panda 4,2024,tt21692408,kung-fu-panda-4-2024.jpg
ant-man-and-the-wasp-quantumania-2023,Ant-Man and the Wasp: Quantumania,2023,Peyton Reed,watched list,Ant-Man and the Wasp: Quantumania,2023,tt10954600,ant-man-and-the-wasp-quantumania-2023.jpg
black-panther-wakanda-forever-2022,Black Panther: Wakanda Forever,2022,Ryan Coogler,watched list,Black Panther: Wakanda Forever,2022,tt9114286,black-panther-wakanda-forever-2022.jpg
doctor-strange-in-the-multiverse-of-madness-2022,Doctor Strange in the Multiverse of Madness,2022,Sam Raimi,watched list,Doctor Strange in the Multiverse of Madness,2022,tt9419884,doctor-strange-in-the-multiverse-of-madness-2022.jpg
fantastic-beasts-the-secrets-of-dumbledore-2022,Fantastic Beasts: The Secrets of Dumbledore,2022,David Yates,watched list,Fantastic Beasts: The Secrets of Dumbledore,2022,tt4123432,fantastic-beasts-the-secrets-of-dumbledore-2022.jpg
jurassic-world-dominion-2022,Jurassic World Dominion,2022,Colin Trevorrow,watched list,Jurassic World: Dominion,2022,tt8041270,jurassic-world-dominion-2022.jpg
eternals-2021,Eternals,2021,Chloé Zhao,watched list,Eternals,2021,tt9032400,eternals-2021.jpg
greyhound-2020,Greyhound,2020,Aaron Schneider,watched list,Greyhound,2020,tt6048922,greyhound-2020.jpg
jasper-jones-2017,Jasper Jones,2017,Rachel Perkins,watched list,Jasper Jones,2017,tt5091014,jasper-jones-2017.jpg
star-wars-the-last-jedi-2017,Star Wars: The Last Jedi,2017,N/A,watched list,RiffTrax: Star Wars: The Last Jedi,2018,tt11563030,star-wars-the-last-jedi-2017.jpg
thor-the-dark-world-2013,Thor: The Dark World,2013,Alan Taylor,watched list,Thor: The Dark World,2013,tt1981115,thor-the-dark-world-2013.jpg
the-last-airbender-2010,The Last Airbender,2010,M. Night Shyamalan,watched list,The Last Airbender,2010,tt0938283,the-last-airbender-2010.jpg
2012-2009,2012,2009,Roland Emmerich,watched list,2012,2009,tt1190080,2012-2009.jpg
the-incredible-hulk-2008,The Incredible Hulk,2008,Louis Leterrier,watched list,The Incredible Hulk,2008,tt0800080,the-incredible-hulk-2008.jpg
wonder-woman-1984-2020,Wonder Woman 1984,2020,Patty Jenkins,watched list,Wonder Woman 1984,2020,tt7126948,wonder-woman-1984-2020.jpg
the-emoji-movie-2017,The Emoji Movie,2017,Tony Leondis,watched list,The Emoji Movie,2017,tt4877122,the-emoji-movie-2017.jpg
